[
  {
    "id": 1,
    "name": "Player 1",
    "position": "Unknown",
    "skill": 0.0,
    "cost": 0.0
  },
  {
    "id": 2,
    "name": "Player 2",
    "position": "Unknown",
    "skill": 0.0,
    "cost": 0.0
  },
  {
    "id": 3,
    "name": "Player 3",
    "position": "Unknown",
    "skill": 0.0,
    "cost": 0.0
  },
  {
    "id": 4,
    "name": "Player 4",
    "position": "Unknown",
    "skill": 0.0,
    "cost": 0.0
  },
  {
    "id": 5,
    "name": "Player 5",
    "position": "Unknown",
    "skill": 0.0,
    "cost": 0.0
  },
  {
    "id": 6,
    "name": "Player 6",
    "position": "Unknown",
    "skill": 0.0,
    "cost": 0.0
  },
  {
    "id": 7,
    "name": "Player 7",
    "position": "Unknown",
    "skill": 0.0,
    "cost": 0.0
  },
  {
    "id": 8,
    "name": "Player 8",
    "position": "Unknown",
    "skill": 0.0,
    "cost": 0.0
  },
  {
    "id": 9,
    "name": "Player 9",
    "position": "Unknown",
    "skill": 0.0,
    "cost": 0.0
  },
  {
    "id": 10,
    "name": "Player 10",
    "position": "Unknown",
    "skill": 0.0,
    "cost": 0.0
  },
  {
    "id": 11,
    "name": "Player 11",
    "position": "Unknown",
    "skill": 0.0,
    "cost": 0.0
  },
  {
    "id": 12,
    "name": "Player 12",
    "position": "Unknown",
    "skill": 0.0,
    "cost": 0.0
  },
  {
    "id": 13,
    "name": "Player 13",
    "position": "Unknown",
    "skill": 0.0,
    "cost": 0.0
  },
  {
    "id": 14,
    "name": "Player 14",
    "position": "Unknown",
    "skill": 0.0,
    "cost": 0.0
  },
  {
    "id": 15,
    "name": "Player 15",
    "position": "Unknown",
    "skill": 0.0,
    "cost": 0.0
  },
  {
    "id": 16,
    "name": "Player 16",
    "position": "Unknown",
    "skill": 0.0,
    "cost": 0.0
  },
  {
    "id": 17,
    "name": "Player 17",
    "position": "Unknown",
    "skill": 0.0,
    "cost": 0.0
  },
  {
    "id": 18,
    "name": "Player 18",
    "position": "Unknown",
    "skill": 0.0,
    "cost": 0.0
  },
  {
    "id": 19,
    "name": "Player 19",
    "position": "Unknown",
    "skill": 0.0,
    "cost": 0.0
  },
  {
    "id": 20,
    "name": "Player 20",
    "position": "Unknown",
    "skill": 0.0,
    "cost": 0.0
  },
  {
    "id": 21,
    "name": "Player 21",
    "position": "Unknown",
    "skill": 0.0,
    "cost": 0.0
  },
  {
    "id": 22,
    "name": "Player 22",
    "position": "Unknown",
    "skill": 0.0,
    "cost": 0.0
  },
  {
    "id": 23,
    "name": "Player 23",
    "position": "Unknown",
    "skill": 0.0,
    "cost": 0.0
  },
  {
    "id": 24,
    "name": "Player 24",
    "position": "Unknown",
    "skill": 0.0,
    "cost": 0.0
  },
  {
    "id": 25,
    "name": "Player 25",
    "position": "Unknown",
    "skill": 0.0,
    "cost": 0.0
  },
  {
    "id": 26,
    "name": "Player 26",
    "position": "Unknown",
    "skill": 0.0,
    "cost": 0.0
  },
  {
    "id": 27,
    "name": "Player 27",
    "position": "Unknown",
    "skill": 0.0,
    "cost": 0.0
  },
  {
    "id": 28,
    "name": "Player 28",
    "position": "Unknown",
    "skill": 0.0,
    "cost": 0.0
  },
  {
    "id": 29,
    "name": "Player 29",
    "position": "Unknown",
    "skill": 0.0,
    "cost": 0.0
  },
  {
    "id": 30,
    "name": "Player 30",
    "position": "Unknown",
    "skill": 0.0,
    "cost": 0.0
  },
  {
    "id": 31,
    "name": "Player 31",
    "position": "Unknown",
    "skill": 0.0,
    "cost": 0.0
  },
  {
    "id": 32,
    "name": "Player 32",
    "position": "Unknown",
    "skill": 0.0,
    "cost": 0.0
  },
  {
    "id": 33,
    "name": "Player 33",
    "position": "Unknown",
    "skill": 0.0,
    "cost": 0.0
  },
  {
    "id": 34,
    "name": "Player 34",
    "position": "Unknown",
    "skill": 0.0,
    "cost": 0.0
  },
  {
    "id": 35,
    "name": "Player 35",
    "position": "Unknown",
    "skill": 0.0,
    "cost": 0.0
  }
]